{
  "timestamp": "20260118_174302",
  "models": {
    "resnet50": {
      "accuracy": 0.7289344627730718,
      "precision": 0.737745243367292,
      "recall": 0.7274488273415006,
      "f1_score": 0.7251013520259024,
      "confusion_matrix": [
        [
          173,
          6,
          12,
          13,
          9,
          10,
          2,
          5,
          1,
          18
        ],
        [
          4,
          160,
          13,
          5,
          4,
          12,
          13,
          3,
          5,
          7
        ],
        [
          2,
          3,
          217,
          0,
          0,
          1,
          3,
          0,
          5,
          1
        ],
        [
          11,
          4,
          8,
          189,
          16,
          3,
          2,
          0,
          0,
          2
        ],
        [
          17,
          2,
          14,
          20,
          162,
          3,
          1,
          0,
          6,
          8
        ],
        [
          5,
          10,
          2,
          4,
          8,
          198,
          0,
          1,
          1,
          2
        ],
        [
          7,
          8,
          38,
          11,
          16,
          9,
          125,
          2,
          11,
          6
        ],
        [
          3,
          3,
          10,
          1,
          0,
          3,
          2,
          174,
          1,
          3
        ],
        [
          4,
          4,
          28,
          3,
          5,
          9,
          8,
          3,
          112,
          15
        ],
        [
          25,
          9,
          2,
          9,
          6,
          16,
          2,
          15,
          4,
          125
        ]
      ]
    },
    "efficientnet_b3": {
      "accuracy": 0.7516718680338832,
      "precision": 0.7560810675627635,
      "recall": 0.7485753226160468,
      "f1_score": 0.7486818581766574,
      "confusion_matrix": [
        [
          198,
          6,
          3,
          14,
          9,
          10,
          1,
          1,
          2,
          5
        ],
        [
          2,
          144,
          8,
          16,
          4,
          8,
          21,
          6,
          5,
          12
        ],
        [
          2,
          15,
          173,
          3,
          6,
          3,
          17,
          1,
          9,
          3
        ],
        [
          7,
          3,
          1,
          195,
          21,
          3,
          1,
          0,
          0,
          4
        ],
        [
          2,
          2,
          6,
          22,
          190,
          0,
          4,
          0,
          1,
          6
        ],
        [
          9,
          0,
          1,
          6,
          4,
          208,
          2,
          1,
          0,
          0
        ],
        [
          8,
          17,
          18,
          11,
          10,
          3,
          154,
          0,
          9,
          3
        ],
        [
          3,
          3,
          5,
          1,
          1,
          2,
          4,
          176,
          3,
          2
        ],
        [
          6,
          9,
          11,
          4,
          6,
          9,
          29,
          6,
          105,
          6
        ],
        [
          26,
          1,
          4,
          11,
          8,
          8,
          5,
          5,
          2,
          143
        ]
      ]
    }
  },
  "best_model": "efficientnet_b3"
}